<?xml version="1.0" encoding="UTF-8" standalone="no"?>
<!-- WARNING: Eclipse auto-generated file.
              Any modifications will be overwritten.
              To include a user specific buildfile here, simply create one in the same
              directory with the processing instruction <?eclipse.ant.import?>
              as the first entry and export the buildfile again. --><project basedir="." default="build" name="triplet">
    <property environment="env"/>
    <property name="ECLIPSE_HOME" value="../../../Downloads/eclipse-java-mars-2-win32-x86_64/eclipse/"/>
    <property name="junit.output.dir" value="junit"/>
    <property name="debuglevel" value="source,lines,vars"/>
    <property name="target" value="1.8"/>
    <property name="source" value="1.8"/>
    <path id="JUnit 4.libraryclasspath">
        <pathelement location="${ECLIPSE_HOME}plugins/org.junit_4.12.0.v201504281640/junit.jar"/>
        <pathelement location="${ECLIPSE_HOME}plugins/org.hamcrest.core_1.3.0.v201303031735.jar"/>
    </path>
    <path id="triplet.classpath">
        <pathelement location="bin"/>
        <path refid="JUnit 4.libraryclasspath"/>
        <pathelement location="mockito-all-1.10.19.jar"/>
    </path>
    <target name="init">
        <mkdir dir="bin"/>
        <copy includeemptydirs="false" todir="bin">
            <fileset dir="src">
                <exclude name="**/*.launch"/>
                <exclude name="**/*.java"/>
            </fileset>
        </copy>
    </target>
    <target name="clean">
        <delete dir="bin"/>
    </target>
    <target depends="clean" name="cleanall"/>
    <target depends="build-subprojects,build-project" name="build"/>
    <target name="build-subprojects"/>
    <target depends="init" name="build-project">
        <echo message="${ant.project.name}: ${ant.file}"/>
        <javac debug="true" debuglevel="${debuglevel}" destdir="bin" includeantruntime="false" source="${source}" target="${target}">
            <src path="src"/>
            <classpath refid="triplet.classpath"/>
        </javac>
    </target>
    <target description="Build all projects which reference this project. Useful to propagate changes." name="build-refprojects"/>
    <target description="copy Eclipse compiler jars to ant lib directory" name="init-eclipse-compiler">
        <copy todir="${ant.library.dir}">
            <fileset dir="${ECLIPSE_HOME}/plugins" includes="org.eclipse.jdt.core_*.jar"/>
        </copy>
        <unzip dest="${ant.library.dir}">
            <patternset includes="jdtCompilerAdapter.jar"/>
            <fileset dir="${ECLIPSE_HOME}/plugins" includes="org.eclipse.jdt.core_*.jar"/>
        </unzip>
    </target>
    <target description="compile project with Eclipse compiler" name="build-eclipse-compiler">
        <property name="build.compiler" value="org.eclipse.jdt.core.JDTCompilerAdapter"/>
        <antcall target="build"/>
    </target>
    <target name="ASMifierClassVisitor">
        <java classname="org.mockito.asm.util.ASMifierClassVisitor" failonerror="true" fork="yes">
            <classpath refid="triplet.classpath"/>
        </java>
    </target>
    <target name="ButtonClickTest">
        <mkdir dir="${junit.output.dir}"/>
        <junit fork="yes" printsummary="withOutAndErr">
            <formatter type="xml"/>
            <test name="triplet.ButtonClickTest" todir="${junit.output.dir}"/>
            <classpath refid="triplet.classpath"/>
        </junit>
    </target>
    <target name="Button_tester">
        <mkdir dir="${junit.output.dir}"/>
        <junit fork="yes" printsummary="withOutAndErr">
            <formatter type="xml"/>
            <test name="Button_tester" todir="${junit.output.dir}"/>
            <classpath refid="triplet.classpath"/>
        </junit>
    </target>
    <target name="GUIClassTest">
        <mkdir dir="${junit.output.dir}"/>
        <junit fork="yes" printsummary="withOutAndErr">
            <formatter type="xml"/>
            <test name="triplet_test.GUIClassTest" todir="${junit.output.dir}"/>
            <classpath refid="triplet.classpath"/>
        </junit>
    </target>
    <target name="GUITest">
        <mkdir dir="${junit.output.dir}"/>
        <junit fork="yes" printsummary="withOutAndErr">
            <formatter type="xml"/>
            <test name="GUITest" todir="${junit.output.dir}"/>
            <classpath refid="triplet.classpath"/>
        </junit>
    </target>
    <target name="Guitest1">
        <mkdir dir="${junit.output.dir}"/>
        <junit fork="yes" printsummary="withOutAndErr">
            <formatter type="xml"/>
            <test name="triplet_test.Guitest1" todir="${junit.output.dir}"/>
            <classpath refid="triplet.classpath"/>
        </junit>
    </target>
    <target name="GuiTestFinal (1)">
        <mkdir dir="${junit.output.dir}"/>
        <junit fork="yes" printsummary="withOutAndErr">
            <formatter type="xml"/>
            <test name="GuiTestFinal" todir="${junit.output.dir}"/>
            <classpath refid="triplet.classpath"/>
        </junit>
    </target>
    <target name="triplet">
        <mkdir dir="${junit.output.dir}"/>
        <junit fork="yes" printsummary="withOutAndErr">
            <formatter type="xml"/>
            <test name="triplet_test.GUIClassTest" todir="${junit.output.dir}"/>
            <classpath refid="triplet.classpath"/>
        </junit>
    </target>
    <target name="TttFacade">
        <java classname="triplet.TttFacade" failonerror="true" fork="yes">
            <classpath refid="triplet.classpath"/>
        </java>
    </target>
    <target name="junitreport">
        <junitreport todir="${junit.output.dir}">
            <fileset dir="${junit.output.dir}">
                <include name="TEST-*.xml"/>
            </fileset>
            <report format="frames" todir="${junit.output.dir}"/>
        </junitreport>
    </target>
</project>
